"TIME","GEO","NACE_R2","INDIC_SB","Value","Flag and Footnotes"
"2011","European Union (28 countries)","Manufacturing","Value added at factor cost","1 650 000.0","de"
"2011","European Union (28 countries)","Manufacture of food products","Value added at factor cost","168 730.7",""
"2011","European Union (28 countries)","Manufacture of beverages","Value added at factor cost","38 245.7",""
"2011","European Union (28 countries)","Manufacture of tobacco products","Value added at factor cost","7 101.3",""
"2011","European Union (28 countries)","Manufacture of textiles","Value added at factor cost","22 000.0","deu"
"2011","European Union (28 countries)","Manufacture of wearing apparel","Value added at factor cost","20 654.0",""
"2011","European Union (28 countries)","Manufacture of leather and related products","Value added at factor cost","12 485.0",""
"2011","European Union (28 countries)","Manufacture of wood and of products of wood and cork, except furniture; manufacture of articles of straw and plaiting materials","Value added at factor cost","31 700.0","de"
"2011","European Union (28 countries)","Manufacture of paper and paper products","Value added at factor cost","42 309.7",""
"2011","European Union (28 countries)","Printing and reproduction of recorded media","Value added at factor cost","34 000.0","de"
"2011","European Union (28 countries)","Manufacture of coke and refined petroleum products","Value added at factor cost","20 194.0",""
"2011","European Union (28 countries)","Manufacture of chemicals and chemical products","Value added at factor cost","110 000.0","deu"
"2011","European Union (28 countries)","Manufacture of basic pharmaceutical products and pharmaceutical preparations","Value added at factor cost","85 844.7",""
"2011","European Union (28 countries)","Manufacture of rubber and plastic products","Value added at factor cost","82 000.0","de"
"2011","European Union (28 countries)","Manufacture of other non-metallic mineral products","Value added at factor cost","66 000.0","de"
"2011","European Union (28 countries)","Manufacture of basic metals","Value added at factor cost","64 077.3",""
"2011","European Union (28 countries)","Manufacture of fabricated metal products, except machinery and equipment","Value added at factor cost","159 000.0","de"
"2011","European Union (28 countries)","Manufacture of computer, electronic and optical products","Value added at factor cost",":","c"
"2011","European Union (28 countries)","Manufacture of electrical equipment","Value added at factor cost","86 614.4",""
"2011","European Union (28 countries)","Manufacture of machinery and equipment n.e.c.","Value added at factor cost","192 035.3",""
"2011","European Union (28 countries)","Manufacture of motor vehicles, trailers and semi-trailers","Value added at factor cost","154 342.5",""
"2011","European Union (28 countries)","Manufacture of other transport equipment","Value added at factor cost","47 443.0",""
"2011","European Union (28 countries)","Manufacture of furniture","Value added at factor cost","29 000.0","de"
"2011","European Union (28 countries)","Other manufacturing","Value added at factor cost","42 590.4",""
"2011","European Union (28 countries)","Repair and installation of machinery and equipment","Value added at factor cost","55 881.1",""
"2011","European Union (27 countries)","Manufacturing","Value added at factor cost","1 650 000.0","de"
"2011","European Union (27 countries)","Manufacture of food products","Value added at factor cost","167 613.1",""
"2011","European Union (27 countries)","Manufacture of beverages","Value added at factor cost","38 000.0","de"
"2011","European Union (27 countries)","Manufacture of tobacco products","Value added at factor cost",":","c"
"2011","European Union (27 countries)","Manufacture of textiles","Value added at factor cost","22 000.0","deu"
"2011","European Union (27 countries)","Manufacture of wearing apparel","Value added at factor cost","20 479.5",""
"2011","European Union (27 countries)","Manufacture of leather and related products","Value added at factor cost","12 405.4",""
"2011","European Union (27 countries)","Manufacture of wood and of products of wood and cork, except furniture; manufacture of articles of straw and plaiting materials","Value added at factor cost","31 500.0","de"
"2011","European Union (27 countries)","Manufacture of paper and paper products","Value added at factor cost","42 266.7",""
"2011","European Union (27 countries)","Printing and reproduction of recorded media","Value added at factor cost","34 000.0","de"
"2011","European Union (27 countries)","Manufacture of coke and refined petroleum products","Value added at factor cost",":","c"
"2011","European Union (27 countries)","Manufacture of chemicals and chemical products","Value added at factor cost","110 000.0","deu"
"2011","European Union (27 countries)","Manufacture of basic pharmaceutical products and pharmaceutical preparations","Value added at factor cost","85 725.0",""
"2011","European Union (27 countries)","Manufacture of rubber and plastic products","Value added at factor cost","80 000.0","deu"
"2011","European Union (27 countries)","Manufacture of other non-metallic mineral products","Value added at factor cost",":","c"
"2011","European Union (27 countries)","Manufacture of basic metals","Value added at factor cost","63 796.5",""
"2011","European Union (27 countries)","Manufacture of fabricated metal products, except machinery and equipment","Value added at factor cost","158 000.0","de"
"2011","European Union (27 countries)","Manufacture of computer, electronic and optical products","Value added at factor cost",":","c"
"2011","European Union (27 countries)","Manufacture of electrical equipment","Value added at factor cost","86 323.0",""
"2011","European Union (27 countries)","Manufacture of machinery and equipment n.e.c.","Value added at factor cost","191 879.7",""
"2011","European Union (27 countries)","Manufacture of motor vehicles, trailers and semi-trailers","Value added at factor cost",":","c"
"2011","European Union (27 countries)","Manufacture of other transport equipment","Value added at factor cost","47 124.3",""
"2011","European Union (27 countries)","Manufacture of furniture","Value added at factor cost","29 000.0","de"
"2011","European Union (27 countries)","Other manufacturing","Value added at factor cost","42 539.3",""
"2011","European Union (27 countries)","Repair and installation of machinery and equipment","Value added at factor cost","55 579.5",""
"2011","Belgium","Manufacturing","Value added at factor cost","46 816.9",""
"2011","Belgium","Manufacture of food products","Value added at factor cost","5 448.6",""
"2011","Belgium","Manufacture of beverages","Value added at factor cost","1 357.7",""
"2011","Belgium","Manufacture of tobacco products","Value added at factor cost","158.3",""
"2011","Belgium","Manufacture of textiles","Value added at factor cost","1 079.2",""
"2011","Belgium","Manufacture of wearing apparel","Value added at factor cost",":","c"
"2011","Belgium","Manufacture of leather and related products","Value added at factor cost",":","c"
"2011","Belgium","Manufacture of wood and of products of wood and cork, except furniture; manufacture of articles of straw and plaiting materials","Value added at factor cost","798.0",""
"2011","Belgium","Manufacture of paper and paper products","Value added at factor cost","1 083.6",""
"2011","Belgium","Printing and reproduction of recorded media","Value added at factor cost","1 162.1",""
"2011","Belgium","Manufacture of coke and refined petroleum products","Value added at factor cost","1 103.0",""
"2011","Belgium","Manufacture of chemicals and chemical products","Value added at factor cost","6 918.9",""
"2011","Belgium","Manufacture of basic pharmaceutical products and pharmaceutical preparations","Value added at factor cost",":","c"
"2011","Belgium","Manufacture of rubber and plastic products","Value added at factor cost","2 000.2",""
"2011","Belgium","Manufacture of other non-metallic mineral products","Value added at factor cost","2 391.9",""
"2011","Belgium","Manufacture of basic metals","Value added at factor cost","2 917.9",""
"2011","Belgium","Manufacture of fabricated metal products, except machinery and equipment","Value added at factor cost","3 846.8",""
"2011","Belgium","Manufacture of computer, electronic and optical products","Value added at factor cost","1 061.1",""
"2011","Belgium","Manufacture of electrical equipment","Value added at factor cost","1 731.5",""
"2011","Belgium","Manufacture of machinery and equipment n.e.c.","Value added at factor cost","3 434.0",""
"2011","Belgium","Manufacture of motor vehicles, trailers and semi-trailers","Value added at factor cost","2 732.7",""
"2011","Belgium","Manufacture of other transport equipment","Value added at factor cost","499.0",""
"2011","Belgium","Manufacture of furniture","Value added at factor cost","666.6",""
"2011","Belgium","Other manufacturing","Value added at factor cost","491.8",""
"2011","Belgium","Repair and installation of machinery and equipment","Value added at factor cost","1 066.0",""
"2011","Bulgaria","Manufacturing","Value added at factor cost","4 641.8",""
"2011","Bulgaria","Manufacture of food products","Value added at factor cost","635.1",""
"2011","Bulgaria","Manufacture of beverages","Value added at factor cost","192.3",""
"2011","Bulgaria","Manufacture of tobacco products","Value added at factor cost","62.6",""
"2011","Bulgaria","Manufacture of textiles","Value added at factor cost","88.0",""
"2011","Bulgaria","Manufacture of wearing apparel","Value added at factor cost","433.9",""
"2011","Bulgaria","Manufacture of leather and related products","Value added at factor cost","70.1",""
"2011","Bulgaria","Manufacture of wood and of products of wood and cork, except furniture; manufacture of articles of straw and plaiting materials","Value added at factor cost","85.4",""
"2011","Bulgaria","Manufacture of paper and paper products","Value added at factor cost","94.4",""
"2011","Bulgaria","Printing and reproduction of recorded media","Value added at factor cost","91.0",""
"2011","Bulgaria","Manufacture of coke and refined petroleum products","Value added at factor cost",":","c"
"2011","Bulgaria","Manufacture of chemicals and chemical products","Value added at factor cost","217.0",""
"2011","Bulgaria","Manufacture of basic pharmaceutical products and pharmaceutical preparations","Value added at factor cost",":","c"
"2011","Bulgaria","Manufacture of rubber and plastic products","Value added at factor cost","188.8",""
"2011","Bulgaria","Manufacture of other non-metallic mineral products","Value added at factor cost","322.5",""
"2011","Bulgaria","Manufacture of basic metals","Value added at factor cost","419.4",""
"2011","Bulgaria","Manufacture of fabricated metal products, except machinery and equipment","Value added at factor cost","396.1",""
"2011","Bulgaria","Manufacture of computer, electronic and optical products","Value added at factor cost","110.5",""
"2011","Bulgaria","Manufacture of electrical equipment","Value added at factor cost","200.0",""
"2011","Bulgaria","Manufacture of machinery and equipment n.e.c.","Value added at factor cost","315.5",""
"2011","Bulgaria","Manufacture of motor vehicles, trailers and semi-trailers","Value added at factor cost","120.8",""
"2011","Bulgaria","Manufacture of other transport equipment","Value added at factor cost","22.9",""
"2011","Bulgaria","Manufacture of furniture","Value added at factor cost","99.7",""
"2011","Bulgaria","Other manufacturing","Value added at factor cost","68.2",""
"2011","Bulgaria","Repair and installation of machinery and equipment","Value added at factor cost","163.5",""
"2011","Czech Republic","Manufacturing","Value added at factor cost","31 611.4",""
"2011","Czech Republic","Manufacture of food products","Value added at factor cost","2 013.0",""
"2011","Czech Republic","Manufacture of beverages","Value added at factor cost","764.5",""
"2011","Czech Republic","Manufacture of tobacco products","Value added at factor cost",":","c"
"2011","Czech Republic","Manufacture of textiles","Value added at factor cost","517.7",""
"2011","Czech Republic","Manufacture of wearing apparel","Value added at factor cost","223.0",""
"2011","Czech Republic","Manufacture of leather and related products","Value added at factor cost","77.1",""
"2011","Czech Republic","Manufacture of wood and of products of wood and cork, except furniture; manufacture of articles of straw and plaiting materials","Value added at factor cost","828.2",""
"2011","Czech Republic","Manufacture of paper and paper products","Value added at factor cost","536.4",""
"2011","Czech Republic","Printing and reproduction of recorded media","Value added at factor cost","499.4",""
"2011","Czech Republic","Manufacture of coke and refined petroleum products","Value added at factor cost","105.3",""
"2011","Czech Republic","Manufacture of chemicals and chemical products","Value added at factor cost","1 234.0",""
"2011","Czech Republic","Manufacture of basic pharmaceutical products and pharmaceutical preparations","Value added at factor cost","443.6",""
"2011","Czech Republic","Manufacture of rubber and plastic products","Value added at factor cost","2 550.1",""
"2011","Czech Republic","Manufacture of other non-metallic mineral products","Value added at factor cost","1 681.6",""
"2011","Czech Republic","Manufacture of basic metals","Value added at factor cost","1 312.7",""
"2011","Czech Republic","Manufacture of fabricated metal products, except machinery and equipment","Value added at factor cost","3 434.2",""
"2011","Czech Republic","Manufacture of computer, electronic and optical products","Value added at factor cost","801.2",""
"2011","Czech Republic","Manufacture of electrical equipment","Value added at factor cost","2 494.6",""
"2011","Czech Republic","Manufacture of machinery and equipment n.e.c.","Value added at factor cost","3 092.3",""
"2011","Czech Republic","Manufacture of motor vehicles, trailers and semi-trailers","Value added at factor cost","5 728.5",""
"2011","Czech Republic","Manufacture of other transport equipment","Value added at factor cost","661.5",""
"2011","Czech Republic","Manufacture of furniture","Value added at factor cost","374.4",""
"2011","Czech Republic","Other manufacturing","Value added at factor cost","703.7",""
"2011","Czech Republic","Repair and installation of machinery and equipment","Value added at factor cost",":","c"
"2011","Denmark","Manufacturing","Value added at factor cost","27 203.3",""
"2011","Denmark","Manufacture of food products","Value added at factor cost","3 701.9",""
"2011","Denmark","Manufacture of beverages","Value added at factor cost","443.7",""
"2011","Denmark","Manufacture of tobacco products","Value added at factor cost","68.2",""
"2011","Denmark","Manufacture of textiles","Value added at factor cost","230.9",""
"2011","Denmark","Manufacture of wearing apparel","Value added at factor cost","109.3",""
"2011","Denmark","Manufacture of leather and related products","Value added at factor cost",":","c"
"2011","Denmark","Manufacture of wood and of products of wood and cork, except furniture; manufacture of articles of straw and plaiting materials","Value added at factor cost","497.5",""
"2011","Denmark","Manufacture of paper and paper products","Value added at factor cost","405.6",""
"2011","Denmark","Printing and reproduction of recorded media","Value added at factor cost","463.1",""
"2011","Denmark","Manufacture of coke and refined petroleum products","Value added at factor cost",":","c"
"2011","Denmark","Manufacture of chemicals and chemical products","Value added at factor cost","1 482.8",""
"2011","Denmark","Manufacture of basic pharmaceutical products and pharmaceutical preparations","Value added at factor cost","3 809.5",""
"2011","Denmark","Manufacture of rubber and plastic products","Value added at factor cost","1 469.9",""
"2011","Denmark","Manufacture of other non-metallic mineral products","Value added at factor cost","1 023.7",""
"2011","Denmark","Manufacture of basic metals","Value added at factor cost","301.2",""
"2011","Denmark","Manufacture of fabricated metal products, except machinery and equipment","Value added at factor cost","2 294.9",""
"2011","Denmark","Manufacture of computer, electronic and optical products","Value added at factor cost","1 788.5",""
"2011","Denmark","Manufacture of electrical equipment","Value added at factor cost","866.4",""
"2011","Denmark","Manufacture of machinery and equipment n.e.c.","Value added at factor cost","4 905.0",""
"2011","Denmark","Manufacture of motor vehicles, trailers and semi-trailers","Value added at factor cost","360.5",""
"2011","Denmark","Manufacture of other transport equipment","Value added at factor cost","228.7",""
"2011","Denmark","Manufacture of furniture","Value added at factor cost","642.9",""
"2011","Denmark","Other manufacturing","Value added at factor cost","1 535.4",""
"2011","Denmark","Repair and installation of machinery and equipment","Value added at factor cost","633.1",""
"2011","Germany (until 1990 former territory of the FRG)","Manufacturing","Value added at factor cost","490 206.5",""
"2011","Germany (until 1990 former territory of the FRG)","Manufacture of food products","Value added at factor cost","29 600.2",""
"2011","Germany (until 1990 former territory of the FRG)","Manufacture of beverages","Value added at factor cost","4 866.8",""
"2011","Germany (until 1990 former territory of the FRG)","Manufacture of tobacco products","Value added at factor cost","1 471.8",""
"2011","Germany (until 1990 former territory of the FRG)","Manufacture of textiles","Value added at factor cost","3 855.3",""
"2011","Germany (until 1990 former territory of the FRG)","Manufacture of wearing apparel","Value added at factor cost","2 449.2",""
"2011","Germany (until 1990 former territory of the FRG)","Manufacture of leather and related products","Value added at factor cost","793.7",""
"2011","Germany (until 1990 former territory of the FRG)","Manufacture of wood and of products of wood and cork, except furniture; manufacture of articles of straw and plaiting materials","Value added at factor cost","6 191.2",""
"2011","Germany (until 1990 former territory of the FRG)","Manufacture of paper and paper products","Value added at factor cost","9 394.7",""
"2011","Germany (until 1990 former territory of the FRG)","Printing and reproduction of recorded media","Value added at factor cost","7 734.4",""
"2011","Germany (until 1990 former territory of the FRG)","Manufacture of coke and refined petroleum products","Value added at factor cost","3 753.3",""
"2011","Germany (until 1990 former territory of the FRG)","Manufacture of chemicals and chemical products","Value added at factor cost","37 192.8",""
"2011","Germany (until 1990 former territory of the FRG)","Manufacture of basic pharmaceutical products and pharmaceutical preparations","Value added at factor cost","16 149.5",""
"2011","Germany (until 1990 former territory of the FRG)","Manufacture of rubber and plastic products","Value added at factor cost","23 429.7",""
"2011","Germany (until 1990 former territory of the FRG)","Manufacture of other non-metallic mineral products","Value added at factor cost","14 339.2",""
"2011","Germany (until 1990 former territory of the FRG)","Manufacture of basic metals","Value added at factor cost","20 082.2",""
"2011","Germany (until 1990 former territory of the FRG)","Manufacture of fabricated metal products, except machinery and equipment","Value added at factor cost","47 044.1",""
"2011","Germany (until 1990 former territory of the FRG)","Manufacture of computer, electronic and optical products","Value added at factor cost","24 668.3",""
"2011","Germany (until 1990 former territory of the FRG)","Manufacture of electrical equipment","Value added at factor cost","38 097.4",""
"2011","Germany (until 1990 former territory of the FRG)","Manufacture of machinery and equipment n.e.c.","Value added at factor cost","78 791.1",""
"2011","Germany (until 1990 former territory of the FRG)","Manufacture of motor vehicles, trailers and semi-trailers","Value added at factor cost","76 700.2",""
"2011","Germany (until 1990 former territory of the FRG)","Manufacture of other transport equipment","Value added at factor cost","9 550.4",""
"2011","Germany (until 1990 former territory of the FRG)","Manufacture of furniture","Value added at factor cost","6 540.0",""
"2011","Germany (until 1990 former territory of the FRG)","Other manufacturing","Value added at factor cost","14 638.2",""
"2011","Germany (until 1990 former territory of the FRG)","Repair and installation of machinery and equipment","Value added at factor cost","12 873.1",""
"2011","Estonia","Manufacturing","Value added at factor cost","2 296.8",""
"2011","Estonia","Manufacture of food products","Value added at factor cost","216.7",""
"2011","Estonia","Manufacture of beverages","Value added at factor cost","57.4",""
"2011","Estonia","Manufacture of tobacco products","Value added at factor cost","0.0",""
"2011","Estonia","Manufacture of textiles","Value added at factor cost","62.5",""
"2011","Estonia","Manufacture of wearing apparel","Value added at factor cost","65.3",""
"2011","Estonia","Manufacture of leather and related products","Value added at factor cost","15.6",""
"2011","Estonia","Manufacture of wood and of products of wood and cork, except furniture; manufacture of articles of straw and plaiting materials","Value added at factor cost","329.6",""
"2011","Estonia","Manufacture of paper and paper products","Value added at factor cost","55.8",""
"2011","Estonia","Printing and reproduction of recorded media","Value added at factor cost","65.7",""
"2011","Estonia","Manufacture of coke and refined petroleum products","Value added at factor cost","128.2",""
"2011","Estonia","Manufacture of chemicals and chemical products","Value added at factor cost","97.7",""
"2011","Estonia","Manufacture of basic pharmaceutical products and pharmaceutical preparations","Value added at factor cost","11.3",""
"2011","Estonia","Manufacture of rubber and plastic products","Value added at factor cost","86.3",""
"2011","Estonia","Manufacture of other non-metallic mineral products","Value added at factor cost","115.5",""
"2011","Estonia","Manufacture of basic metals","Value added at factor cost","10.6",""
"2011","Estonia","Manufacture of fabricated metal products, except machinery and equipment","Value added at factor cost","252.2",""
"2011","Estonia","Manufacture of computer, electronic and optical products","Value added at factor cost","174.6",""
"2011","Estonia","Manufacture of electrical equipment","Value added at factor cost","128.0",""
"2011","Estonia","Manufacture of machinery and equipment n.e.c.","Value added at factor cost","86.9",""
"2011","Estonia","Manufacture of motor vehicles, trailers and semi-trailers","Value added at factor cost","92.1",""
"2011","Estonia","Manufacture of other transport equipment","Value added at factor cost","17.9",""
"2011","Estonia","Manufacture of furniture","Value added at factor cost","102.0",""
"2011","Estonia","Other manufacturing","Value added at factor cost","41.3",""
"2011","Estonia","Repair and installation of machinery and equipment","Value added at factor cost","83.5",""
"2011","Ireland","Manufacturing","Value added at factor cost","32 844.7",""
"2011","Ireland","Manufacture of food products","Value added at factor cost","5 967.6",""
"2011","Ireland","Manufacture of beverages","Value added at factor cost","949.7",""
"2011","Ireland","Manufacture of tobacco products","Value added at factor cost",":","c"
"2011","Ireland","Manufacture of textiles","Value added at factor cost","100.0",""
"2011","Ireland","Manufacture of wearing apparel","Value added at factor cost","46.2",""
"2011","Ireland","Manufacture of leather and related products","Value added at factor cost","17.5",""
"2011","Ireland","Manufacture of wood and of products of wood and cork, except furniture; manufacture of articles of straw and plaiting materials","Value added at factor cost","169.0",""
"2011","Ireland","Manufacture of paper and paper products","Value added at factor cost","181.8",""
"2011","Ireland","Printing and reproduction of recorded media","Value added at factor cost","340.9",""
"2011","Ireland","Manufacture of coke and refined petroleum products","Value added at factor cost",":","c"
"2011","Ireland","Manufacture of chemicals and chemical products","Value added at factor cost","1 093.3",""
"2011","Ireland","Manufacture of basic pharmaceutical products and pharmaceutical preparations","Value added at factor cost","14 565.1",""
"2011","Ireland","Manufacture of rubber and plastic products","Value added at factor cost","389.9",""
"2011","Ireland","Manufacture of other non-metallic mineral products","Value added at factor cost","387.8",""
"2011","Ireland","Manufacture of basic metals","Value added at factor cost","130.9",""
"2011","Ireland","Manufacture of fabricated metal products, except machinery and equipment","Value added at factor cost","523.6",""
"2011","Ireland","Manufacture of computer, electronic and optical products","Value added at factor cost","2 418.5",""
"2011","Ireland","Manufacture of electrical equipment","Value added at factor cost","219.3",""
"2011","Ireland","Manufacture of machinery and equipment n.e.c.","Value added at factor cost","943.3",""
"2011","Ireland","Manufacture of motor vehicles, trailers and semi-trailers","Value added at factor cost","162.5",""
"2011","Ireland","Manufacture of other transport equipment","Value added at factor cost",":","c"
"2011","Ireland","Manufacture of furniture","Value added at factor cost",":","c"
"2011","Ireland","Other manufacturing","Value added at factor cost","3 650.8",""
"2011","Ireland","Repair and installation of machinery and equipment","Value added at factor cost","267.2",""
"2011","Greece","Manufacturing","Value added at factor cost","13 629.1",""
"2011","Greece","Manufacture of food products","Value added at factor cost","3 058.3",""
"2011","Greece","Manufacture of beverages","Value added at factor cost","778.4",""
"2011","Greece","Manufacture of tobacco products","Value added at factor cost",":","c"
"2011","Greece","Manufacture of textiles","Value added at factor cost","265.3",""
"2011","Greece","Manufacture of wearing apparel","Value added at factor cost","352.9",""
"2011","Greece","Manufacture of leather and related products","Value added at factor cost","54.7",""
"2011","Greece","Manufacture of wood and of products of wood and cork, except furniture; manufacture of articles of straw and plaiting materials","Value added at factor cost","178.0",""
"2011","Greece","Manufacture of paper and paper products","Value added at factor cost","276.2",""
"2011","Greece","Printing and reproduction of recorded media","Value added at factor cost","332.5",""
"2011","Greece","Manufacture of coke and refined petroleum products","Value added at factor cost",":","c"
"2011","Greece","Manufacture of chemicals and chemical products","Value added at factor cost","659.7",""
"2011","Greece","Manufacture of basic pharmaceutical products and pharmaceutical preparations","Value added at factor cost","401.1",""
"2011","Greece","Manufacture of rubber and plastic products","Value added at factor cost","625.1",""
"2011","Greece","Manufacture of other non-metallic mineral products","Value added at factor cost","821.8",""
"2011","Greece","Manufacture of basic metals","Value added at factor cost","841.2",""
"2011","Greece","Manufacture of fabricated metal products, except machinery and equipment","Value added at factor cost","1 294.0",""
"2011","Greece","Manufacture of computer, electronic and optical products","Value added at factor cost","134.1",""
"2011","Greece","Manufacture of electrical equipment","Value added at factor cost","395.4",""
"2011","Greece","Manufacture of machinery and equipment n.e.c.","Value added at factor cost","421.5",""
"2011","Greece","Manufacture of motor vehicles, trailers and semi-trailers","Value added at factor cost","80.1",""
"2011","Greece","Manufacture of other transport equipment","Value added at factor cost","269.8",""
"2011","Greece","Manufacture of furniture","Value added at factor cost","253.4",""
"2011","Greece","Other manufacturing","Value added at factor cost","179.9",""
"2011","Greece","Repair and installation of machinery and equipment","Value added at factor cost","356.5",""
"2011","Spain","Manufacturing","Value added at factor cost","103 869.8",""
"2011","Spain","Manufacture of food products","Value added at factor cost","15 991.8",""
"2011","Spain","Manufacture of beverages","Value added at factor cost","4 557.5",""
"2011","Spain","Manufacture of tobacco products","Value added at factor cost","326.4",""
"2011","Spain","Manufacture of textiles","Value added at factor cost","1 410.3",""
"2011","Spain","Manufacture of wearing apparel","Value added at factor cost","1 716.6",""
"2011","Spain","Manufacture of leather and related products","Value added at factor cost","1 035.4",""
"2011","Spain","Manufacture of wood and of products of wood and cork, except furniture; manufacture of articles of straw and plaiting materials","Value added at factor cost","1 831.2",""
"2011","Spain","Manufacture of paper and paper products","Value added at factor cost","3 389.4",""
"2011","Spain","Printing and reproduction of recorded media","Value added at factor cost","2 873.0",""
"2011","Spain","Manufacture of coke and refined petroleum products","Value added at factor cost","2 902.1",""
"2011","Spain","Manufacture of chemicals and chemical products","Value added at factor cost","7 791.9",""
"2011","Spain","Manufacture of basic pharmaceutical products and pharmaceutical preparations","Value added at factor cost","3 631.4",""
"2011","Spain","Manufacture of rubber and plastic products","Value added at factor cost","5 200.9",""
"2011","Spain","Manufacture of other non-metallic mineral products","Value added at factor cost","6 220.6",""
"2011","Spain","Manufacture of basic metals","Value added at factor cost","4 431.4",""
"2011","Spain","Manufacture of fabricated metal products, except machinery and equipment","Value added at factor cost","10 801.0",""
"2011","Spain","Manufacture of computer, electronic and optical products","Value added at factor cost","1 529.8",""
"2011","Spain","Manufacture of electrical equipment","Value added at factor cost","3 786.1",""
"2011","Spain","Manufacture of machinery and equipment n.e.c.","Value added at factor cost","5 851.4",""
"2011","Spain","Manufacture of motor vehicles, trailers and semi-trailers","Value added at factor cost","8 463.1",""
"2011","Spain","Manufacture of other transport equipment","Value added at factor cost","3 539.2",""
"2011","Spain","Manufacture of furniture","Value added at factor cost","1 997.8",""
"2011","Spain","Other manufacturing","Value added at factor cost","1 516.4",""
"2011","Spain","Repair and installation of machinery and equipment","Value added at factor cost","3 075.2",""
"2011","France","Manufacturing","Value added at factor cost","195 284.6",""
"2011","France","Manufacture of food products","Value added at factor cost","27 800.5",""
"2011","France","Manufacture of beverages","Value added at factor cost","5 721.2",""
"2011","France","Manufacture of tobacco products","Value added at factor cost",":","c"
"2011","France","Manufacture of textiles","Value added at factor cost","2 125.8",""
"2011","France","Manufacture of wearing apparel","Value added at factor cost","2 111.6",""
"2011","France","Manufacture of leather and related products","Value added at factor cost","1 704.2",""
"2011","France","Manufacture of wood and of products of wood and cork, except furniture; manufacture of articles of straw and plaiting materials","Value added at factor cost","3 195.2",""
"2011","France","Manufacture of paper and paper products","Value added at factor cost","4 026.2",""
"2011","France","Printing and reproduction of recorded media","Value added at factor cost","3 724.0",""
"2011","France","Manufacture of coke and refined petroleum products","Value added at factor cost",":","c"
"2011","France","Manufacture of chemicals and chemical products","Value added at factor cost","15 253.4",""
"2011","France","Manufacture of basic pharmaceutical products and pharmaceutical preparations","Value added at factor cost","9 285.6",""
"2011","France","Manufacture of rubber and plastic products","Value added at factor cost","11 217.0",""
"2011","France","Manufacture of other non-metallic mineral products","Value added at factor cost","8 706.5",""
"2011","France","Manufacture of basic metals","Value added at factor cost","5 258.7",""
"2011","France","Manufacture of fabricated metal products, except machinery and equipment","Value added at factor cost","18 259.9",""
"2011","France","Manufacture of computer, electronic and optical products","Value added at factor cost","10 252.7",""
"2011","France","Manufacture of electrical equipment","Value added at factor cost","7 805.1",""
"2011","France","Manufacture of machinery and equipment n.e.c.","Value added at factor cost","13 200.2",""
"2011","France","Manufacture of motor vehicles, trailers and semi-trailers","Value added at factor cost","13 444.8",""
"2011","France","Manufacture of other transport equipment","Value added at factor cost","10 454.8",""
"2011","France","Manufacture of furniture","Value added at factor cost","2 318.1",""
"2011","France","Other manufacturing","Value added at factor cost","4 836.6",""
"2011","France","Repair and installation of machinery and equipment","Value added at factor cost","11 508.5",""
"2011","Croatia","Manufacturing","Value added at factor cost","4 786.9",""
"2011","Croatia","Manufacture of food products","Value added at factor cost","981.8",""
"2011","Croatia","Manufacture of beverages","Value added at factor cost","280.6",""
"2011","Croatia","Manufacture of tobacco products","Value added at factor cost",":","c"
"2011","Croatia","Manufacture of textiles","Value added at factor cost","73.5",""
"2011","Croatia","Manufacture of wearing apparel","Value added at factor cost","180.3",""
"2011","Croatia","Manufacture of leather and related products","Value added at factor cost","100.2",""
"2011","Croatia","Manufacture of wood and of products of wood and cork, except furniture; manufacture of articles of straw and plaiting materials","Value added at factor cost","162.8",""
"2011","Croatia","Manufacture of paper and paper products","Value added at factor cost","93.8",""
"2011","Croatia","Printing and reproduction of recorded media","Value added at factor cost","165.9",""
"2011","Croatia","Manufacture of coke and refined petroleum products","Value added at factor cost",":","c"
"2011","Croatia","Manufacture of chemicals and chemical products","Value added at factor cost","167.5",""
"2011","Croatia","Manufacture of basic pharmaceutical products and pharmaceutical preparations","Value added at factor cost","240.7",""
"2011","Croatia","Manufacture of rubber and plastic products","Value added at factor cost","177.6",""
"2011","Croatia","Manufacture of other non-metallic mineral products","Value added at factor cost","296.0",""
"2011","Croatia","Manufacture of basic metals","Value added at factor cost","41.3",""
"2011","Croatia","Manufacture of fabricated metal products, except machinery and equipment","Value added at factor cost","468.5",""
"2011","Croatia","Manufacture of computer, electronic and optical products","Value added at factor cost","108.0",""
"2011","Croatia","Manufacture of electrical equipment","Value added at factor cost","218.8",""
"2011","Croatia","Manufacture of machinery and equipment n.e.c.","Value added at factor cost","225.4",""
"2011","Croatia","Manufacture of motor vehicles, trailers and semi-trailers","Value added at factor cost",":","c"
"2011","Croatia","Manufacture of other transport equipment","Value added at factor cost","196.8",""
"2011","Croatia","Manufacture of furniture","Value added at factor cost","130.5",""
"2011","Croatia","Other manufacturing","Value added at factor cost","49.6",""
"2011","Croatia","Repair and installation of machinery and equipment","Value added at factor cost","293.2",""
"2011","Italy","Manufacturing","Value added at factor cost","208 093.5",""
"2011","Italy","Manufacture of food products","Value added at factor cost","18 703.1",""
"2011","Italy","Manufacture of beverages","Value added at factor cost","4 006.5",""
"2011","Italy","Manufacture of tobacco products","Value added at factor cost","52.7",""
"2011","Italy","Manufacture of textiles","Value added at factor cost","6 309.5",""
"2011","Italy","Manufacture of wearing apparel","Value added at factor cost","7 700.0",""
"2011","Italy","Manufacture of leather and related products","Value added at factor cost","5 928.6",""
"2011","Italy","Manufacture of wood and of products of wood and cork, except furniture; manufacture of articles of straw and plaiting materials","Value added at factor cost","4 354.4",""
"2011","Italy","Manufacture of paper and paper products","Value added at factor cost","4 710.6",""
"2011","Italy","Printing and reproduction of recorded media","Value added at factor cost","3 928.2",""
"2011","Italy","Manufacture of coke and refined petroleum products","Value added at factor cost","1 510.6",""
"2011","Italy","Manufacture of chemicals and chemical products","Value added at factor cost","9 432.2",""
"2011","Italy","Manufacture of basic pharmaceutical products and pharmaceutical preparations","Value added at factor cost","8 256.7",""
"2011","Italy","Manufacture of rubber and plastic products","Value added at factor cost","10 280.9",""
"2011","Italy","Manufacture of other non-metallic mineral products","Value added at factor cost","10 063.2",""
"2011","Italy","Manufacture of basic metals","Value added at factor cost","8 855.3",""
"2011","Italy","Manufacture of fabricated metal products, except machinery and equipment","Value added at factor cost","24 798.3",""
"2011","Italy","Manufacture of computer, electronic and optical products","Value added at factor cost","7 076.6",""
"2011","Italy","Manufacture of electrical equipment","Value added at factor cost","10 299.2",""
"2011","Italy","Manufacture of machinery and equipment n.e.c.","Value added at factor cost","29 809.8",""
"2011","Italy","Manufacture of motor vehicles, trailers and semi-trailers","Value added at factor cost","9 897.5",""
"2011","Italy","Manufacture of other transport equipment","Value added at factor cost","5 201.3",""
"2011","Italy","Manufacture of furniture","Value added at factor cost","5 317.5",""
"2011","Italy","Other manufacturing","Value added at factor cost","5 061.1",""
"2011","Italy","Repair and installation of machinery and equipment","Value added at factor cost","6 539.7",""
"2011","Cyprus","Manufacturing","Value added at factor cost","1 057.1",""
"2011","Cyprus","Manufacture of food products","Value added at factor cost","298.4",""
"2011","Cyprus","Manufacture of beverages","Value added at factor cost","75.9",""
"2011","Cyprus","Manufacture of tobacco products","Value added at factor cost",":","c"
"2011","Cyprus","Manufacture of textiles","Value added at factor cost","9.9",""
"2011","Cyprus","Manufacture of wearing apparel","Value added at factor cost","10.8",""
"2011","Cyprus","Manufacture of leather and related products","Value added at factor cost","1.1",""
"2011","Cyprus","Manufacture of wood and of products of wood and cork, except furniture; manufacture of articles of straw and plaiting materials","Value added at factor cost","62.2",""
"2011","Cyprus","Manufacture of paper and paper products","Value added at factor cost","19.3",""
"2011","Cyprus","Printing and reproduction of recorded media","Value added at factor cost","41.7",""
"2011","Cyprus","Manufacture of coke and refined petroleum products","Value added at factor cost",":","c"
"2011","Cyprus","Manufacture of chemicals and chemical products","Value added at factor cost","30.4",""
"2011","Cyprus","Manufacture of basic pharmaceutical products and pharmaceutical preparations","Value added at factor cost","58.3",""
"2011","Cyprus","Manufacture of rubber and plastic products","Value added at factor cost","35.3",""
"2011","Cyprus","Manufacture of other non-metallic mineral products","Value added at factor cost","146.4",""
"2011","Cyprus","Manufacture of basic metals","Value added at factor cost","32.3",""
"2011","Cyprus","Manufacture of fabricated metal products, except machinery and equipment","Value added at factor cost","107.8",""
"2011","Cyprus","Manufacture of computer, electronic and optical products","Value added at factor cost",":","c"
"2011","Cyprus","Manufacture of electrical equipment","Value added at factor cost",":","c"
"2011","Cyprus","Manufacture of machinery and equipment n.e.c.","Value added at factor cost","29.8",""
"2011","Cyprus","Manufacture of motor vehicles, trailers and semi-trailers","Value added at factor cost","4.9",""
"2011","Cyprus","Manufacture of other transport equipment","Value added at factor cost","0.7",""
"2011","Cyprus","Manufacture of furniture","Value added at factor cost","28.2",""
"2011","Cyprus","Other manufacturing","Value added at factor cost","17.9",""
"2011","Cyprus","Repair and installation of machinery and equipment","Value added at factor cost","20.6",""
"2011","Latvia","Manufacturing","Value added at factor cost","1 626.6",""
"2011","Latvia","Manufacture of food products","Value added at factor cost","250.7",""
"2011","Latvia","Manufacture of beverages","Value added at factor cost","35.4",""
"2011","Latvia","Manufacture of tobacco products","Value added at factor cost",":","c"
"2011","Latvia","Manufacture of textiles","Value added at factor cost","24.6",""
"2011","Latvia","Manufacture of wearing apparel","Value added at factor cost","65.5",""
"2011","Latvia","Manufacture of leather and related products","Value added at factor cost","2.3",""
"2011","Latvia","Manufacture of wood and of products of wood and cork, except furniture; manufacture of articles of straw and plaiting materials","Value added at factor cost","397.4",""
"2011","Latvia","Manufacture of paper and paper products","Value added at factor cost","26.6",""
"2011","Latvia","Printing and reproduction of recorded media","Value added at factor cost","41.8",""
"2011","Latvia","Manufacture of coke and refined petroleum products","Value added at factor cost","0.2",""
"2011","Latvia","Manufacture of chemicals and chemical products","Value added at factor cost","36.5",""
"2011","Latvia","Manufacture of basic pharmaceutical products and pharmaceutical preparations","Value added at factor cost",":","c"
"2011","Latvia","Manufacture of rubber and plastic products","Value added at factor cost","36.7",""
"2011","Latvia","Manufacture of other non-metallic mineral products","Value added at factor cost","104.9",""
"2011","Latvia","Manufacture of basic metals","Value added at factor cost","62.8",""
"2011","Latvia","Manufacture of fabricated metal products, except machinery and equipment","Value added at factor cost","125.9",""
"2011","Latvia","Manufacture of computer, electronic and optical products","Value added at factor cost","50.4",""
"2011","Latvia","Manufacture of electrical equipment","Value added at factor cost","44.4",""
"2011","Latvia","Manufacture of machinery and equipment n.e.c.","Value added at factor cost","55.2",""
"2011","Latvia","Manufacture of motor vehicles, trailers and semi-trailers","Value added at factor cost","31.8",""
"2011","Latvia","Manufacture of other transport equipment","Value added at factor cost",":","c"
"2011","Latvia","Manufacture of furniture","Value added at factor cost","44.4",""
"2011","Latvia","Other manufacturing","Value added at factor cost",":","c"
"2011","Latvia","Repair and installation of machinery and equipment","Value added at factor cost","75.4",""
"2011","Lithuania","Manufacturing","Value added at factor cost","2 905.8",""
"2011","Lithuania","Manufacture of food products","Value added at factor cost","526.8",""
"2011","Lithuania","Manufacture of beverages","Value added at factor cost","88.4",""
"2011","Lithuania","Manufacture of tobacco products","Value added at factor cost",":","c"
"2011","Lithuania","Manufacture of textiles","Value added at factor cost","95.3",""
"2011","Lithuania","Manufacture of wearing apparel","Value added at factor cost","148.9",""
"2011","Lithuania","Manufacture of leather and related products","Value added at factor cost","7.2",""
"2011","Lithuania","Manufacture of wood and of products of wood and cork, except furniture; manufacture of articles of straw and plaiting materials","Value added at factor cost","198.9",""
"2011","Lithuania","Manufacture of paper and paper products","Value added at factor cost","70.6",""
"2011","Lithuania","Printing and reproduction of recorded media","Value added at factor cost","55.6",""
"2011","Lithuania","Manufacture of coke and refined petroleum products","Value added at factor cost",":","c"
"2011","Lithuania","Manufacture of chemicals and chemical products","Value added at factor cost","366.8",""
"2011","Lithuania","Manufacture of basic pharmaceutical products and pharmaceutical preparations","Value added at factor cost","12.8",""
"2011","Lithuania","Manufacture of rubber and plastic products","Value added at factor cost","120.2",""
"2011","Lithuania","Manufacture of other non-metallic mineral products","Value added at factor cost","106.3",""
"2011","Lithuania","Manufacture of basic metals","Value added at factor cost","12.8",""
"2011","Lithuania","Manufacture of fabricated metal products, except machinery and equipment","Value added at factor cost","157.1",""
"2011","Lithuania","Manufacture of computer, electronic and optical products","Value added at factor cost","63.9",""
"2011","Lithuania","Manufacture of electrical equipment","Value added at factor cost","57.2",""
"2011","Lithuania","Manufacture of machinery and equipment n.e.c.","Value added at factor cost","92.4",""
"2011","Lithuania","Manufacture of motor vehicles, trailers and semi-trailers","Value added at factor cost","33.9",""
"2011","Lithuania","Manufacture of other transport equipment","Value added at factor cost","15.7",""
"2011","Lithuania","Manufacture of furniture","Value added at factor cost","249.2",""
"2011","Lithuania","Other manufacturing","Value added at factor cost","62.9",""
"2011","Lithuania","Repair and installation of machinery and equipment","Value added at factor cost","113.8",""
"2011","Luxembourg","Manufacturing","Value added at factor cost","2 487.4",""
"2011","Luxembourg","Manufacture of food products","Value added at factor cost",":","c"
"2011","Luxembourg","Manufacture of beverages","Value added at factor cost","53.9",""
"2011","Luxembourg","Manufacture of tobacco products","Value added at factor cost",":","c"
"2011","Luxembourg","Manufacture of textiles","Value added at factor cost",":","c"
"2011","Luxembourg","Manufacture of wearing apparel","Value added at factor cost",":","c"
"2011","Luxembourg","Manufacture of leather and related products","Value added at factor cost","0.0",""
"2011","Luxembourg","Manufacture of wood and of products of wood and cork, except furniture; manufacture of articles of straw and plaiting materials","Value added at factor cost","48.4",""
"2011","Luxembourg","Manufacture of paper and paper products","Value added at factor cost",":","c"
"2011","Luxembourg","Printing and reproduction of recorded media","Value added at factor cost","67.9",""
"2011","Luxembourg","Manufacture of coke and refined petroleum products","Value added at factor cost","0.0",""
"2011","Luxembourg","Manufacture of chemicals and chemical products","Value added at factor cost","53.7",""
"2011","Luxembourg","Manufacture of basic pharmaceutical products and pharmaceutical preparations","Value added at factor cost","0.0",""
"2011","Luxembourg","Manufacture of rubber and plastic products","Value added at factor cost",":","c"
"2011","Luxembourg","Manufacture of other non-metallic mineral products","Value added at factor cost",":","c"
"2011","Luxembourg","Manufacture of basic metals","Value added at factor cost",":","c"
"2011","Luxembourg","Manufacture of fabricated metal products, except machinery and equipment","Value added at factor cost","222.1",""
"2011","Luxembourg","Manufacture of computer, electronic and optical products","Value added at factor cost",":","c"
"2011","Luxembourg","Manufacture of electrical equipment","Value added at factor cost",":","c"
"2011","Luxembourg","Manufacture of machinery and equipment n.e.c.","Value added at factor cost",":","c"
"2011","Luxembourg","Manufacture of motor vehicles, trailers and semi-trailers","Value added at factor cost",":","c"
"2011","Luxembourg","Manufacture of other transport equipment","Value added at factor cost",":","c"
"2011","Luxembourg","Manufacture of furniture","Value added at factor cost","7.5",""
"2011","Luxembourg","Other manufacturing","Value added at factor cost","27.0",""
"2011","Luxembourg","Repair and installation of machinery and equipment","Value added at factor cost","40.3",""
"2011","Hungary","Manufacturing","Value added at factor cost","18 817.1",""
"2011","Hungary","Manufacture of food products","Value added at factor cost","1 471.3",""
"2011","Hungary","Manufacture of beverages","Value added at factor cost","379.0",""
"2011","Hungary","Manufacture of tobacco products","Value added at factor cost","23.9",""
"2011","Hungary","Manufacture of textiles","Value added at factor cost","108.3",""
"2011","Hungary","Manufacture of wearing apparel","Value added at factor cost","210.4",""
"2011","Hungary","Manufacture of leather and related products","Value added at factor cost","117.5",""
"2011","Hungary","Manufacture of wood and of products of wood and cork, except furniture; manufacture of articles of straw and plaiting materials","Value added at factor cost","181.4",""
"2011","Hungary","Manufacture of paper and paper products","Value added at factor cost","308.8",""
"2011","Hungary","Printing and reproduction of recorded media","Value added at factor cost","229.2",""
"2011","Hungary","Manufacture of coke and refined petroleum products","Value added at factor cost","1 214.4",""
"2011","Hungary","Manufacture of chemicals and chemical products","Value added at factor cost","593.7",""
"2011","Hungary","Manufacture of basic pharmaceutical products and pharmaceutical preparations","Value added at factor cost","1 294.1",""
"2011","Hungary","Manufacture of rubber and plastic products","Value added at factor cost","1 129.0",""
"2011","Hungary","Manufacture of other non-metallic mineral products","Value added at factor cost","571.1",""
"2011","Hungary","Manufacture of basic metals","Value added at factor cost","487.5",""
"2011","Hungary","Manufacture of fabricated metal products, except machinery and equipment","Value added at factor cost","1 159.4",""
"2011","Hungary","Manufacture of computer, electronic and optical products","Value added at factor cost","1 931.3",""
"2011","Hungary","Manufacture of electrical equipment","Value added at factor cost","805.9",""
"2011","Hungary","Manufacture of machinery and equipment n.e.c.","Value added at factor cost","2 492.0",""
"2011","Hungary","Manufacture of motor vehicles, trailers and semi-trailers","Value added at factor cost","3 109.9",""
"2011","Hungary","Manufacture of other transport equipment","Value added at factor cost","153.2",""
"2011","Hungary","Manufacture of furniture","Value added at factor cost","171.4",""
"2011","Hungary","Other manufacturing","Value added at factor cost","315.5",""
"2011","Hungary","Repair and installation of machinery and equipment","Value added at factor cost","359.0",""
"2011","Malta","Manufacturing","Value added at factor cost",":","c"
"2011","Malta","Manufacture of food products","Value added at factor cost",":","c"
"2011","Malta","Manufacture of beverages","Value added at factor cost",":","c"
"2011","Malta","Manufacture of tobacco products","Value added at factor cost",":","c"
"2011","Malta","Manufacture of textiles","Value added at factor cost",":","c"
"2011","Malta","Manufacture of wearing apparel","Value added at factor cost","4.0",""
"2011","Malta","Manufacture of leather and related products","Value added at factor cost",":","c"
"2011","Malta","Manufacture of wood and of products of wood and cork, except furniture; manufacture of articles of straw and plaiting materials","Value added at factor cost","5.2",""
"2011","Malta","Manufacture of paper and paper products","Value added at factor cost",":","c"
"2011","Malta","Printing and reproduction of recorded media","Value added at factor cost",":","c"
"2011","Malta","Manufacture of coke and refined petroleum products","Value added at factor cost",":","c"
"2011","Malta","Manufacture of chemicals and chemical products","Value added at factor cost","8.3",""
"2011","Malta","Manufacture of basic pharmaceutical products and pharmaceutical preparations","Value added at factor cost",":","c"
"2011","Malta","Manufacture of rubber and plastic products","Value added at factor cost",":","c"
"2011","Malta","Manufacture of other non-metallic mineral products","Value added at factor cost","27.7",""
"2011","Malta","Manufacture of basic metals","Value added at factor cost","0.4",""
"2011","Malta","Manufacture of fabricated metal products, except machinery and equipment","Value added at factor cost","34.8",""
"2011","Malta","Manufacture of computer, electronic and optical products","Value added at factor cost",":","c"
"2011","Malta","Manufacture of electrical equipment","Value added at factor cost",":","c"
"2011","Malta","Manufacture of machinery and equipment n.e.c.","Value added at factor cost",":","c"
"2011","Malta","Manufacture of motor vehicles, trailers and semi-trailers","Value added at factor cost",":","c"
"2011","Malta","Manufacture of other transport equipment","Value added at factor cost",":","c"
"2011","Malta","Manufacture of furniture","Value added at factor cost","16.6",""
"2011","Malta","Other manufacturing","Value added at factor cost",":","c"
"2011","Malta","Repair and installation of machinery and equipment","Value added at factor cost",":","c"
"2011","Netherlands","Manufacturing","Value added at factor cost","60 600.1",""
"2011","Netherlands","Manufacture of food products","Value added at factor cost","8 794.8",""
"2011","Netherlands","Manufacture of beverages","Value added at factor cost","1 298.9",""
"2011","Netherlands","Manufacture of tobacco products","Value added at factor cost","516.4",""
"2011","Netherlands","Manufacture of textiles","Value added at factor cost","840.9",""
"2011","Netherlands","Manufacture of wearing apparel","Value added at factor cost","125.1",""
"2011","Netherlands","Manufacture of leather and related products","Value added at factor cost","118.7",""
"2011","Netherlands","Manufacture of wood and of products of wood and cork, except furniture; manufacture of articles of straw and plaiting materials","Value added at factor cost","921.7",""
"2011","Netherlands","Manufacture of paper and paper products","Value added at factor cost","1 527.6",""
"2011","Netherlands","Printing and reproduction of recorded media","Value added at factor cost","1 700.2",""
"2011","Netherlands","Manufacture of coke and refined petroleum products","Value added at factor cost","1 120.6",""
"2011","Netherlands","Manufacture of chemicals and chemical products","Value added at factor cost","7 867.3",""
"2011","Netherlands","Manufacture of basic pharmaceutical products and pharmaceutical preparations","Value added at factor cost","2 470.7",""
"2011","Netherlands","Manufacture of rubber and plastic products","Value added at factor cost","2 324.6",""
"2011","Netherlands","Manufacture of other non-metallic mineral products","Value added at factor cost","1 930.5",""
"2011","Netherlands","Manufacture of basic metals","Value added at factor cost","1 664.0",""
"2011","Netherlands","Manufacture of fabricated metal products, except machinery and equipment","Value added at factor cost","6 101.0",""
"2011","Netherlands","Manufacture of computer, electronic and optical products","Value added at factor cost","2 989.0",""
"2011","Netherlands","Manufacture of electrical equipment","Value added at factor cost","1 811.5",""
"2011","Netherlands","Manufacture of machinery and equipment n.e.c.","Value added at factor cost","7 992.5",""
"2011","Netherlands","Manufacture of motor vehicles, trailers and semi-trailers","Value added at factor cost","1 867.6",""
"2011","Netherlands","Manufacture of other transport equipment","Value added at factor cost","1 502.0",""
"2011","Netherlands","Manufacture of furniture","Value added at factor cost","1 062.4",""
"2011","Netherlands","Other manufacturing","Value added at factor cost","1 053.7",""
"2011","Netherlands","Repair and installation of machinery and equipment","Value added at factor cost","2 998.4",""
"2011","Austria","Manufacturing","Value added at factor cost","48 392.1",""
"2011","Austria","Manufacture of food products","Value added at factor cost","3 516.5",""
"2011","Austria","Manufacture of beverages","Value added at factor cost","1 250.4",""
"2011","Austria","Manufacture of tobacco products","Value added at factor cost",":","c"
"2011","Austria","Manufacture of textiles","Value added at factor cost","504.3",""
"2011","Austria","Manufacture of wearing apparel","Value added at factor cost","321.9",""
"2011","Austria","Manufacture of leather and related products","Value added at factor cost","228.4",""
"2011","Austria","Manufacture of wood and of products of wood and cork, except furniture; manufacture of articles of straw and plaiting materials","Value added at factor cost","2 079.2",""
"2011","Austria","Manufacture of paper and paper products","Value added at factor cost","1 709.8",""
"2011","Austria","Printing and reproduction of recorded media","Value added at factor cost","1 030.8",""
"2011","Austria","Manufacture of coke and refined petroleum products","Value added at factor cost",":","c"
"2011","Austria","Manufacture of chemicals and chemical products","Value added at factor cost","2 406.1",""
"2011","Austria","Manufacture of basic pharmaceutical products and pharmaceutical preparations","Value added at factor cost","1 510.6",""
"2011","Austria","Manufacture of rubber and plastic products","Value added at factor cost","2 098.0",""
"2011","Austria","Manufacture of other non-metallic mineral products","Value added at factor cost","2 325.6",""
"2011","Austria","Manufacture of basic metals","Value added at factor cost","3 699.3",""
"2011","Austria","Manufacture of fabricated metal products, except machinery and equipment","Value added at factor cost","4 856.0",""
"2011","Austria","Manufacture of computer, electronic and optical products","Value added at factor cost","2 116.8",""
"2011","Austria","Manufacture of electrical equipment","Value added at factor cost","3 917.6",""
"2011","Austria","Manufacture of machinery and equipment n.e.c.","Value added at factor cost","6 709.6",""
"2011","Austria","Manufacture of motor vehicles, trailers and semi-trailers","Value added at factor cost","2 977.6",""
"2011","Austria","Manufacture of other transport equipment","Value added at factor cost","624.9",""
"2011","Austria","Manufacture of furniture","Value added at factor cost","1 229.1",""
"2011","Austria","Other manufacturing","Value added at factor cost","1 127.7",""
"2011","Austria","Repair and installation of machinery and equipment","Value added at factor cost","1 762.3",""
"2011","Poland","Manufacturing","Value added at factor cost","54 113.6",""
"2011","Poland","Manufacture of food products","Value added at factor cost","7 521.8",""
"2011","Poland","Manufacture of beverages","Value added at factor cost","1 491.8",""
"2011","Poland","Manufacture of tobacco products","Value added at factor cost","793.4",""
"2011","Poland","Manufacture of textiles","Value added at factor cost","670.3",""
"2011","Poland","Manufacture of wearing apparel","Value added at factor cost","793.5",""
"2011","Poland","Manufacture of leather and related products","Value added at factor cost","272.6",""
"2011","Poland","Manufacture of wood and of products of wood and cork, except furniture; manufacture of articles of straw and plaiting materials","Value added at factor cost","1 705.5",""
"2011","Poland","Manufacture of paper and paper products","Value added at factor cost","1 809.2",""
"2011","Poland","Printing and reproduction of recorded media","Value added at factor cost","852.2",""
"2011","Poland","Manufacture of coke and refined petroleum products","Value added at factor cost","-10.1",""
"2011","Poland","Manufacture of chemicals and chemical products","Value added at factor cost","3 314.2",""
"2011","Poland","Manufacture of basic pharmaceutical products and pharmaceutical preparations","Value added at factor cost","1 183.9",""
"2011","Poland","Manufacture of rubber and plastic products","Value added at factor cost","3 991.9",""
"2011","Poland","Manufacture of other non-metallic mineral products","Value added at factor cost","3 694.4",""
"2011","Poland","Manufacture of basic metals","Value added at factor cost","1 954.7",""
"2011","Poland","Manufacture of fabricated metal products, except machinery and equipment","Value added at factor cost","5 644.5",""
"2011","Poland","Manufacture of computer, electronic and optical products","Value added at factor cost","1 521.4",""
"2011","Poland","Manufacture of electrical equipment","Value added at factor cost","2 567.8",""
"2011","Poland","Manufacture of machinery and equipment n.e.c.","Value added at factor cost","3 028.9",""
"2011","Poland","Manufacture of motor vehicles, trailers and semi-trailers","Value added at factor cost","5 071.7",""
"2011","Poland","Manufacture of other transport equipment","Value added at factor cost","1 231.4",""
"2011","Poland","Manufacture of furniture","Value added at factor cost","2 032.9",""
"2011","Poland","Other manufacturing","Value added at factor cost","718.0",""
"2011","Poland","Repair and installation of machinery and equipment","Value added at factor cost","2 257.8",""
"2011","Portugal","Manufacturing","Value added at factor cost","17 005.0",""
"2011","Portugal","Manufacture of food products","Value added at factor cost","2 040.4",""
"2011","Portugal","Manufacture of beverages","Value added at factor cost","667.5",""
"2011","Portugal","Manufacture of tobacco products","Value added at factor cost","56.9",""
"2011","Portugal","Manufacture of textiles","Value added at factor cost","724.1",""
"2011","Portugal","Manufacture of wearing apparel","Value added at factor cost","1 004.6",""
"2011","Portugal","Manufacture of leather and related products","Value added at factor cost","654.7",""
"2011","Portugal","Manufacture of wood and of products of wood and cork, except furniture; manufacture of articles of straw and plaiting materials","Value added at factor cost","634.3",""
"2011","Portugal","Manufacture of paper and paper products","Value added at factor cost","831.4",""
"2011","Portugal","Printing and reproduction of recorded media","Value added at factor cost","457.6",""
"2011","Portugal","Manufacture of coke and refined petroleum products","Value added at factor cost","386.2",""
"2011","Portugal","Manufacture of chemicals and chemical products","Value added at factor cost","733.4",""
"2011","Portugal","Manufacture of basic pharmaceutical products and pharmaceutical preparations","Value added at factor cost","342.5",""
"2011","Portugal","Manufacture of rubber and plastic products","Value added at factor cost","960.4",""
"2011","Portugal","Manufacture of other non-metallic mineral products","Value added at factor cost","1 306.5",""
"2011","Portugal","Manufacture of basic metals","Value added at factor cost","344.3",""
"2011","Portugal","Manufacture of fabricated metal products, except machinery and equipment","Value added at factor cost","1 798.3",""
"2011","Portugal","Manufacture of computer, electronic and optical products","Value added at factor cost","317.4",""
"2011","Portugal","Manufacture of electrical equipment","Value added at factor cost","757.7",""
"2011","Portugal","Manufacture of machinery and equipment n.e.c.","Value added at factor cost","577.8",""
"2011","Portugal","Manufacture of motor vehicles, trailers and semi-trailers","Value added at factor cost","1 110.5",""
"2011","Portugal","Manufacture of other transport equipment","Value added at factor cost","86.6",""
"2011","Portugal","Manufacture of furniture","Value added at factor cost","439.6",""
"2011","Portugal","Other manufacturing","Value added at factor cost","281.1",""
"2011","Portugal","Repair and installation of machinery and equipment","Value added at factor cost","491.2",""
"2011","Romania","Manufacturing","Value added at factor cost","13 326.8",""
"2011","Romania","Manufacture of food products","Value added at factor cost","1 513.4",""
"2011","Romania","Manufacture of beverages","Value added at factor cost","492.1",""
"2011","Romania","Manufacture of tobacco products","Value added at factor cost",":","c"
"2011","Romania","Manufacture of textiles","Value added at factor cost","255.2",""
"2011","Romania","Manufacture of wearing apparel","Value added at factor cost","902.5",""
"2011","Romania","Manufacture of leather and related products","Value added at factor cost","369.6",""
"2011","Romania","Manufacture of wood and of products of wood and cork, except furniture; manufacture of articles of straw and plaiting materials","Value added at factor cost","590.1",""
"2011","Romania","Manufacture of paper and paper products","Value added at factor cost","161.6",""
"2011","Romania","Printing and reproduction of recorded media","Value added at factor cost","239.4",""
"2011","Romania","Manufacture of coke and refined petroleum products","Value added at factor cost",":","c"
"2011","Romania","Manufacture of chemicals and chemical products","Value added at factor cost","784.0",""
"2011","Romania","Manufacture of basic pharmaceutical products and pharmaceutical preparations","Value added at factor cost","273.9",""
"2011","Romania","Manufacture of rubber and plastic products","Value added at factor cost","717.3",""
"2011","Romania","Manufacture of other non-metallic mineral products","Value added at factor cost","836.3",""
"2011","Romania","Manufacture of basic metals","Value added at factor cost","607.6",""
"2011","Romania","Manufacture of fabricated metal products, except machinery and equipment","Value added at factor cost","853.7",""
"2011","Romania","Manufacture of computer, electronic and optical products","Value added at factor cost","420.7",""
"2011","Romania","Manufacture of electrical equipment","Value added at factor cost","502.6",""
"2011","Romania","Manufacture of machinery and equipment n.e.c.","Value added at factor cost","1 092.1",""
"2011","Romania","Manufacture of motor vehicles, trailers and semi-trailers","Value added at factor cost","1 320.1",""
"2011","Romania","Manufacture of other transport equipment","Value added at factor cost","490.3",""
"2011","Romania","Manufacture of furniture","Value added at factor cost","404.2",""
"2011","Romania","Other manufacturing","Value added at factor cost","117.2",""
"2011","Romania","Repair and installation of machinery and equipment","Value added at factor cost","271.5",""
"2011","Slovenia","Manufacturing","Value added at factor cost","6 326.8",""
"2011","Slovenia","Manufacture of food products","Value added at factor cost","382.5",""
"2011","Slovenia","Manufacture of beverages","Value added at factor cost","86.9",""
"2011","Slovenia","Manufacture of tobacco products","Value added at factor cost","0.0",""
"2011","Slovenia","Manufacture of textiles","Value added at factor cost","107.7",""
"2011","Slovenia","Manufacture of wearing apparel","Value added at factor cost","79.7",""
"2011","Slovenia","Manufacture of leather and related products","Value added at factor cost","82.0",""
"2011","Slovenia","Manufacture of wood and of products of wood and cork, except furniture; manufacture of articles of straw and plaiting materials","Value added at factor cost","182.6",""
"2011","Slovenia","Manufacture of paper and paper products","Value added at factor cost","144.1",""
"2011","Slovenia","Printing and reproduction of recorded media","Value added at factor cost","137.0",""
"2011","Slovenia","Manufacture of coke and refined petroleum products","Value added at factor cost",":","c"
"2011","Slovenia","Manufacture of chemicals and chemical products","Value added at factor cost","344.2",""
"2011","Slovenia","Manufacture of basic pharmaceutical products and pharmaceutical preparations","Value added at factor cost","684.5",""
"2011","Slovenia","Manufacture of rubber and plastic products","Value added at factor cost","419.2",""
"2011","Slovenia","Manufacture of other non-metallic mineral products","Value added at factor cost","237.7",""
"2011","Slovenia","Manufacture of basic metals","Value added at factor cost","298.4",""
"2011","Slovenia","Manufacture of fabricated metal products, except machinery and equipment","Value added at factor cost","847.1",""
"2011","Slovenia","Manufacture of computer, electronic and optical products","Value added at factor cost","174.4",""
"2011","Slovenia","Manufacture of electrical equipment","Value added at factor cost","669.4",""
"2011","Slovenia","Manufacture of machinery and equipment n.e.c.","Value added at factor cost","480.1",""
"2011","Slovenia","Manufacture of motor vehicles, trailers and semi-trailers","Value added at factor cost","494.4",""
"2011","Slovenia","Manufacture of other transport equipment","Value added at factor cost",":","c"
"2011","Slovenia","Manufacture of furniture","Value added at factor cost","132.9",""
"2011","Slovenia","Other manufacturing","Value added at factor cost","114.9",""
"2011","Slovenia","Repair and installation of machinery and equipment","Value added at factor cost","210.7",""
"2011","Slovakia","Manufacturing","Value added at factor cost","10 076.1",""
"2011","Slovakia","Manufacture of food products","Value added at factor cost","703.0",""
"2011","Slovakia","Manufacture of beverages","Value added at factor cost","173.2",""
"2011","Slovakia","Manufacture of tobacco products","Value added at factor cost",":","c"
"2011","Slovakia","Manufacture of textiles","Value added at factor cost","101.0",""
"2011","Slovakia","Manufacture of wearing apparel","Value added at factor cost","164.9",""
"2011","Slovakia","Manufacture of leather and related products","Value added at factor cost","151.3",""
"2011","Slovakia","Manufacture of wood and of products of wood and cork, except furniture; manufacture of articles of straw and plaiting materials","Value added at factor cost","330.1",""
"2011","Slovakia","Manufacture of paper and paper products","Value added at factor cost","291.9",""
"2011","Slovakia","Printing and reproduction of recorded media","Value added at factor cost","118.6",""
"2011","Slovakia","Manufacture of coke and refined petroleum products","Value added at factor cost",":","c"
"2011","Slovakia","Manufacture of chemicals and chemical products","Value added at factor cost","336.8",""
"2011","Slovakia","Manufacture of basic pharmaceutical products and pharmaceutical preparations","Value added at factor cost","120.7",""
"2011","Slovakia","Manufacture of rubber and plastic products","Value added at factor cost","764.2",""
"2011","Slovakia","Manufacture of other non-metallic mineral products","Value added at factor cost","501.5",""
"2011","Slovakia","Manufacture of basic metals","Value added at factor cost","745.6",""
"2011","Slovakia","Manufacture of fabricated metal products, except machinery and equipment","Value added at factor cost","1 233.4",""
"2011","Slovakia","Manufacture of computer, electronic and optical products","Value added at factor cost","497.9",""
"2011","Slovakia","Manufacture of electrical equipment","Value added at factor cost","534.7",""
"2011","Slovakia","Manufacture of machinery and equipment n.e.c.","Value added at factor cost","815.6",""
"2011","Slovakia","Manufacture of motor vehicles, trailers and semi-trailers","Value added at factor cost","1 784.4",""
"2011","Slovakia","Manufacture of other transport equipment","Value added at factor cost","59.6",""
"2011","Slovakia","Manufacture of furniture","Value added at factor cost","215.2",""
"2011","Slovakia","Other manufacturing","Value added at factor cost","139.2",""
"2011","Slovakia","Repair and installation of machinery and equipment","Value added at factor cost","401.3",""
"2011","Finland","Manufacturing","Value added at factor cost","25 797.9",""
"2011","Finland","Manufacture of food products","Value added at factor cost","1 927.7",""
"2011","Finland","Manufacture of beverages","Value added at factor cost","397.2",""
"2011","Finland","Manufacture of tobacco products","Value added at factor cost",":","c"
"2011","Finland","Manufacture of textiles","Value added at factor cost","194.9",""
"2011","Finland","Manufacture of wearing apparel","Value added at factor cost","110.5",""
"2011","Finland","Manufacture of leather and related products","Value added at factor cost",":","c"
"2011","Finland","Manufacture of wood and of products of wood and cork, except furniture; manufacture of articles of straw and plaiting materials","Value added at factor cost","1 129.1",""
"2011","Finland","Manufacture of paper and paper products","Value added at factor cost","2 938.9",""
"2011","Finland","Printing and reproduction of recorded media","Value added at factor cost","536.8",""
"2011","Finland","Manufacture of coke and refined petroleum products","Value added at factor cost",":","c"
"2011","Finland","Manufacture of chemicals and chemical products","Value added at factor cost",":","c"
"2011","Finland","Manufacture of basic pharmaceutical products and pharmaceutical preparations","Value added at factor cost","858.0",""
"2011","Finland","Manufacture of rubber and plastic products","Value added at factor cost","986.9",""
"2011","Finland","Manufacture of other non-metallic mineral products","Value added at factor cost","1 115.2",""
"2011","Finland","Manufacture of basic metals","Value added at factor cost","1 320.3",""
"2011","Finland","Manufacture of fabricated metal products, except machinery and equipment","Value added at factor cost","2 322.3",""
"2011","Finland","Manufacture of computer, electronic and optical products","Value added at factor cost","1 759.1",""
"2011","Finland","Manufacture of electrical equipment","Value added at factor cost","1 402.5",""
"2011","Finland","Manufacture of machinery and equipment n.e.c.","Value added at factor cost","4 123.6",""
"2011","Finland","Manufacture of motor vehicles, trailers and semi-trailers","Value added at factor cost","399.7",""
"2011","Finland","Manufacture of other transport equipment","Value added at factor cost","402.6",""
"2011","Finland","Manufacture of furniture","Value added at factor cost","351.2",""
"2011","Finland","Other manufacturing","Value added at factor cost","265.5",""
"2011","Finland","Repair and installation of machinery and equipment","Value added at factor cost","953.3",""
"2011","Sweden","Manufacturing","Value added at factor cost","53 970.0",""
"2011","Sweden","Manufacture of food products","Value added at factor cost","3 368.6",""
"2011","Sweden","Manufacture of beverages","Value added at factor cost","578.2",""
"2011","Sweden","Manufacture of tobacco products","Value added at factor cost",":","c"
"2011","Sweden","Manufacture of textiles","Value added at factor cost","305.5",""
"2011","Sweden","Manufacture of wearing apparel","Value added at factor cost","72.3",""
"2011","Sweden","Manufacture of leather and related products","Value added at factor cost","46.0",""
"2011","Sweden","Manufacture of wood and of products of wood and cork, except furniture; manufacture of articles of straw and plaiting materials","Value added at factor cost","1 869.8",""
"2011","Sweden","Manufacture of paper and paper products","Value added at factor cost","3 718.5",""
"2011","Sweden","Printing and reproduction of recorded media","Value added at factor cost","954.6",""
"2011","Sweden","Manufacture of coke and refined petroleum products","Value added at factor cost",":","c"
"2011","Sweden","Manufacture of chemicals and chemical products","Value added at factor cost","2 434.4",""
"2011","Sweden","Manufacture of basic pharmaceutical products and pharmaceutical preparations","Value added at factor cost",":","c"
"2011","Sweden","Manufacture of rubber and plastic products","Value added at factor cost","1 507.5",""
"2011","Sweden","Manufacture of other non-metallic mineral products","Value added at factor cost","1 612.4",""
"2011","Sweden","Manufacture of basic metals","Value added at factor cost","2 654.4",""
"2011","Sweden","Manufacture of fabricated metal products, except machinery and equipment","Value added at factor cost","4 943.7",""
"2011","Sweden","Manufacture of computer, electronic and optical products","Value added at factor cost",":","c"
"2011","Sweden","Manufacture of electrical equipment","Value added at factor cost","2 229.1",""
"2011","Sweden","Manufacture of machinery and equipment n.e.c.","Value added at factor cost","7 351.0",""
"2011","Sweden","Manufacture of motor vehicles, trailers and semi-trailers","Value added at factor cost","5 567.0",""
"2011","Sweden","Manufacture of other transport equipment","Value added at factor cost","1 278.0",""
"2011","Sweden","Manufacture of furniture","Value added at factor cost","918.5",""
"2011","Sweden","Other manufacturing","Value added at factor cost","1 127.2",""
"2011","Sweden","Repair and installation of machinery and equipment","Value added at factor cost","1 258.5",""
"2011","United Kingdom","Manufacturing","Value added at factor cost","173 712.2",""
"2011","United Kingdom","Manufacture of food products","Value added at factor cost","22 027.3",""
"2011","United Kingdom","Manufacture of beverages","Value added at factor cost",":","c"
"2011","United Kingdom","Manufacture of tobacco products","Value added at factor cost",":","c"
"2011","United Kingdom","Manufacture of textiles","Value added at factor cost","2 099.4",""
"2011","United Kingdom","Manufacture of wearing apparel","Value added at factor cost","1 036.1",""
"2011","United Kingdom","Manufacture of leather and related products","Value added at factor cost","450.1",""
"2011","United Kingdom","Manufacture of wood and of products of wood and cork, except furniture; manufacture of articles of straw and plaiting materials","Value added at factor cost","2 709.8",""
"2011","United Kingdom","Manufacture of paper and paper products","Value added at factor cost","4 464.9",""
"2011","United Kingdom","Printing and reproduction of recorded media","Value added at factor cost","6 125.0",""
"2011","United Kingdom","Manufacture of coke and refined petroleum products","Value added at factor cost","2 403.5",""
"2011","United Kingdom","Manufacture of chemicals and chemical products","Value added at factor cost","10 687.3",""
"2011","United Kingdom","Manufacture of basic pharmaceutical products and pharmaceutical preparations","Value added at factor cost","10 792.1",""
"2011","United Kingdom","Manufacture of rubber and plastic products","Value added at factor cost","8 868.2",""
"2011","United Kingdom","Manufacture of other non-metallic mineral products","Value added at factor cost","4 757.0",""
"2011","United Kingdom","Manufacture of basic metals","Value added at factor cost","5 359.4",""
"2011","United Kingdom","Manufacture of fabricated metal products, except machinery and equipment","Value added at factor cost","14 945.1",""
"2011","United Kingdom","Manufacture of computer, electronic and optical products","Value added at factor cost","9 947.3",""
"2011","United Kingdom","Manufacture of electrical equipment","Value added at factor cost","4 986.7",""
"2011","United Kingdom","Manufacture of machinery and equipment n.e.c.","Value added at factor cost","15 757.6",""
"2011","United Kingdom","Manufacture of motor vehicles, trailers and semi-trailers","Value added at factor cost","12 695.2",""
"2011","United Kingdom","Manufacture of other transport equipment","Value added at factor cost","10 816.3",""
"2011","United Kingdom","Manufacture of furniture","Value added at factor cost","2 909.8",""
"2011","United Kingdom","Other manufacturing","Value added at factor cost","4 365.4",""
"2011","United Kingdom","Repair and installation of machinery and equipment","Value added at factor cost","6 427.9",""
"2011","Norway","Manufacturing","Value added at factor cost","23 150.3",""
"2011","Norway","Manufacture of food products","Value added at factor cost","3 870.7",""
"2011","Norway","Manufacture of beverages","Value added at factor cost","439.9",""
"2011","Norway","Manufacture of tobacco products","Value added at factor cost","0.0",""
"2011","Norway","Manufacture of textiles","Value added at factor cost","199.9",""
"2011","Norway","Manufacture of wearing apparel","Value added at factor cost","124.3",""
"2011","Norway","Manufacture of leather and related products","Value added at factor cost","7.5",""
"2011","Norway","Manufacture of wood and of products of wood and cork, except furniture; manufacture of articles of straw and plaiting materials","Value added at factor cost","969.1",""
"2011","Norway","Manufacture of paper and paper products","Value added at factor cost","91.6",""
"2011","Norway","Printing and reproduction of recorded media","Value added at factor cost","561.7",""
"2011","Norway","Manufacture of coke and refined petroleum products","Value added at factor cost",":","c"
"2011","Norway","Manufacture of chemicals and chemical products","Value added at factor cost","1 590.7",""
"2011","Norway","Manufacture of basic pharmaceutical products and pharmaceutical preparations","Value added at factor cost",":","c"
"2011","Norway","Manufacture of rubber and plastic products","Value added at factor cost","416.5",""
"2011","Norway","Manufacture of other non-metallic mineral products","Value added at factor cost","1 099.1",""
"2011","Norway","Manufacture of basic metals","Value added at factor cost","1 613.9",""
"2011","Norway","Manufacture of fabricated metal products, except machinery and equipment","Value added at factor cost","1 959.8",""
"2011","Norway","Manufacture of computer, electronic and optical products","Value added at factor cost","954.5",""
"2011","Norway","Manufacture of electrical equipment","Value added at factor cost","672.0",""
"2011","Norway","Manufacture of machinery and equipment n.e.c.","Value added at factor cost","2 918.7",""
"2011","Norway","Manufacture of motor vehicles, trailers and semi-trailers","Value added at factor cost","258.3",""
"2011","Norway","Manufacture of other transport equipment","Value added at factor cost","2 647.9",""
"2011","Norway","Manufacture of furniture","Value added at factor cost","411.1",""
"2011","Norway","Other manufacturing","Value added at factor cost","283.5",""
"2011","Norway","Repair and installation of machinery and equipment","Value added at factor cost","1 505.4",""
"2011","Switzerland","Manufacturing","Value added at factor cost","87 417.8",""
"2011","Switzerland","Manufacture of food products","Value added at factor cost","5 781.8",""
"2011","Switzerland","Manufacture of beverages","Value added at factor cost","905.9",""
"2011","Switzerland","Manufacture of tobacco products","Value added at factor cost",":","c"
"2011","Switzerland","Manufacture of textiles","Value added at factor cost","654.0",""
"2011","Switzerland","Manufacture of wearing apparel","Value added at factor cost","310.7",""
"2011","Switzerland","Manufacture of leather and related products","Value added at factor cost","125.8",""
"2011","Switzerland","Manufacture of wood and of products of wood and cork, except furniture; manufacture of articles of straw and plaiting materials","Value added at factor cost","2 755.9",""
"2011","Switzerland","Manufacture of paper and paper products","Value added at factor cost","1 072.2",""
"2011","Switzerland","Printing and reproduction of recorded media","Value added at factor cost","1 962.5",""
"2011","Switzerland","Manufacture of coke and refined petroleum products","Value added at factor cost",":","c"
"2011","Switzerland","Manufacture of chemicals and chemical products","Value added at factor cost","4 509.2",""
"2011","Switzerland","Manufacture of basic pharmaceutical products and pharmaceutical preparations","Value added at factor cost","14 709.5",""
"2011","Switzerland","Manufacture of rubber and plastic products","Value added at factor cost","2 456.3",""
"2011","Switzerland","Manufacture of other non-metallic mineral products","Value added at factor cost",":","c"
"2011","Switzerland","Manufacture of basic metals","Value added at factor cost","1 647.8",""
"2011","Switzerland","Manufacture of fabricated metal products, except machinery and equipment","Value added at factor cost","8 128.9",""
"2011","Switzerland","Manufacture of computer, electronic and optical products","Value added at factor cost","17 185.7",""
"2011","Switzerland","Manufacture of electrical equipment","Value added at factor cost","4 277.3",""
"2011","Switzerland","Manufacture of machinery and equipment n.e.c.","Value added at factor cost","9 273.1",""
"2011","Switzerland","Manufacture of motor vehicles, trailers and semi-trailers","Value added at factor cost",":","c"
"2011","Switzerland","Manufacture of other transport equipment","Value added at factor cost","1 357.1",""
"2011","Switzerland","Manufacture of furniture","Value added at factor cost","1 116.2",""
"2011","Switzerland","Other manufacturing","Value added at factor cost","1 970.2",""
"2011","Switzerland","Repair and installation of machinery and equipment","Value added at factor cost","1 372.8",""
"2011","Former Yugoslav Republic of Macedonia, the","Manufacturing","Value added at factor cost",":",""
"2011","Former Yugoslav Republic of Macedonia, the","Manufacture of food products","Value added at factor cost",":",""
"2011","Former Yugoslav Republic of Macedonia, the","Manufacture of beverages","Value added at factor cost",":",""
"2011","Former Yugoslav Republic of Macedonia, the","Manufacture of tobacco products","Value added at factor cost",":",""
"2011","Former Yugoslav Republic of Macedonia, the","Manufacture of textiles","Value added at factor cost",":",""
"2011","Former Yugoslav Republic of Macedonia, the","Manufacture of wearing apparel","Value added at factor cost",":",""
"2011","Former Yugoslav Republic of Macedonia, the","Manufacture of leather and related products","Value added at factor cost",":",""
"2011","Former Yugoslav Republic of Macedonia, the","Manufacture of wood and of products of wood and cork, except furniture; manufacture of articles of straw and plaiting materials","Value added at factor cost",":",""
"2011","Former Yugoslav Republic of Macedonia, the","Manufacture of paper and paper products","Value added at factor cost",":",""
"2011","Former Yugoslav Republic of Macedonia, the","Printing and reproduction of recorded media","Value added at factor cost",":",""
"2011","Former Yugoslav Republic of Macedonia, the","Manufacture of coke and refined petroleum products","Value added at factor cost",":",""
"2011","Former Yugoslav Republic of Macedonia, the","Manufacture of chemicals and chemical products","Value added at factor cost",":",""
"2011","Former Yugoslav Republic of Macedonia, the","Manufacture of basic pharmaceutical products and pharmaceutical preparations","Value added at factor cost",":",""
"2011","Former Yugoslav Republic of Macedonia, the","Manufacture of rubber and plastic products","Value added at factor cost",":",""
"2011","Former Yugoslav Republic of Macedonia, the","Manufacture of other non-metallic mineral products","Value added at factor cost",":",""
"2011","Former Yugoslav Republic of Macedonia, the","Manufacture of basic metals","Value added at factor cost",":",""
"2011","Former Yugoslav Republic of Macedonia, the","Manufacture of fabricated metal products, except machinery and equipment","Value added at factor cost",":",""
"2011","Former Yugoslav Republic of Macedonia, the","Manufacture of computer, electronic and optical products","Value added at factor cost",":",""
"2011","Former Yugoslav Republic of Macedonia, the","Manufacture of electrical equipment","Value added at factor cost",":",""
"2011","Former Yugoslav Republic of Macedonia, the","Manufacture of machinery and equipment n.e.c.","Value added at factor cost",":",""
"2011","Former Yugoslav Republic of Macedonia, the","Manufacture of motor vehicles, trailers and semi-trailers","Value added at factor cost",":",""
"2011","Former Yugoslav Republic of Macedonia, the","Manufacture of other transport equipment","Value added at factor cost",":",""
"2011","Former Yugoslav Republic of Macedonia, the","Manufacture of furniture","Value added at factor cost",":",""
"2011","Former Yugoslav Republic of Macedonia, the","Other manufacturing","Value added at factor cost",":",""
"2011","Former Yugoslav Republic of Macedonia, the","Repair and installation of machinery and equipment","Value added at factor cost",":",""
"2011","Turkey","Manufacturing","Value added at factor cost",":",""
"2011","Turkey","Manufacture of food products","Value added at factor cost",":",""
"2011","Turkey","Manufacture of beverages","Value added at factor cost",":",""
"2011","Turkey","Manufacture of tobacco products","Value added at factor cost",":",""
"2011","Turkey","Manufacture of textiles","Value added at factor cost",":",""
"2011","Turkey","Manufacture of wearing apparel","Value added at factor cost",":",""
"2011","Turkey","Manufacture of leather and related products","Value added at factor cost",":",""
"2011","Turkey","Manufacture of wood and of products of wood and cork, except furniture; manufacture of articles of straw and plaiting materials","Value added at factor cost",":",""
"2011","Turkey","Manufacture of paper and paper products","Value added at factor cost",":",""
"2011","Turkey","Printing and reproduction of recorded media","Value added at factor cost",":",""
"2011","Turkey","Manufacture of coke and refined petroleum products","Value added at factor cost",":",""
"2011","Turkey","Manufacture of chemicals and chemical products","Value added at factor cost",":",""
"2011","Turkey","Manufacture of basic pharmaceutical products and pharmaceutical preparations","Value added at factor cost",":",""
"2011","Turkey","Manufacture of rubber and plastic products","Value added at factor cost",":",""
"2011","Turkey","Manufacture of other non-metallic mineral products","Value added at factor cost",":",""
"2011","Turkey","Manufacture of basic metals","Value added at factor cost",":",""
"2011","Turkey","Manufacture of fabricated metal products, except machinery and equipment","Value added at factor cost",":",""
"2011","Turkey","Manufacture of computer, electronic and optical products","Value added at factor cost",":",""
"2011","Turkey","Manufacture of electrical equipment","Value added at factor cost",":",""
"2011","Turkey","Manufacture of machinery and equipment n.e.c.","Value added at factor cost",":",""
"2011","Turkey","Manufacture of motor vehicles, trailers and semi-trailers","Value added at factor cost",":",""
"2011","Turkey","Manufacture of other transport equipment","Value added at factor cost",":",""
"2011","Turkey","Manufacture of furniture","Value added at factor cost",":",""
"2011","Turkey","Other manufacturing","Value added at factor cost",":",""
"2011","Turkey","Repair and installation of machinery and equipment","Value added at factor cost",":",""
"2011","Bosnia and Herzegovina","Manufacturing","Value added at factor cost","1 454.4","p"
"2011","Bosnia and Herzegovina","Manufacture of food products","Value added at factor cost","241.4","p"
"2011","Bosnia and Herzegovina","Manufacture of beverages","Value added at factor cost","79.0","p"
"2011","Bosnia and Herzegovina","Manufacture of tobacco products","Value added at factor cost","17.6","p"
"2011","Bosnia and Herzegovina","Manufacture of textiles","Value added at factor cost","61.7","p"
"2011","Bosnia and Herzegovina","Manufacture of wearing apparel","Value added at factor cost","52.1","p"
"2011","Bosnia and Herzegovina","Manufacture of leather and related products","Value added at factor cost","64.4","p"
"2011","Bosnia and Herzegovina","Manufacture of wood and of products of wood and cork, except furniture; manufacture of articles of straw and plaiting materials","Value added at factor cost","90.4","p"
"2011","Bosnia and Herzegovina","Manufacture of paper and paper products","Value added at factor cost","33.7","p"
"2011","Bosnia and Herzegovina","Printing and reproduction of recorded media","Value added at factor cost","27.4","p"
"2011","Bosnia and Herzegovina","Manufacture of coke and refined petroleum products","Value added at factor cost","33.8","p"
"2011","Bosnia and Herzegovina","Manufacture of chemicals and chemical products","Value added at factor cost","46.1","p"
"2011","Bosnia and Herzegovina","Manufacture of basic pharmaceutical products and pharmaceutical preparations","Value added at factor cost",":","cp"
"2011","Bosnia and Herzegovina","Manufacture of rubber and plastic products","Value added at factor cost","56.0","p"
"2011","Bosnia and Herzegovina","Manufacture of other non-metallic mineral products","Value added at factor cost","84.5","p"
"2011","Bosnia and Herzegovina","Manufacture of basic metals","Value added at factor cost","170.2","p"
"2011","Bosnia and Herzegovina","Manufacture of fabricated metal products, except machinery and equipment","Value added at factor cost","148.1","p"
"2011","Bosnia and Herzegovina","Manufacture of computer, electronic and optical products","Value added at factor cost","29.1","p"
"2011","Bosnia and Herzegovina","Manufacture of electrical equipment","Value added at factor cost","29.7","p"
"2011","Bosnia and Herzegovina","Manufacture of machinery and equipment n.e.c.","Value added at factor cost","44.8","p"
"2011","Bosnia and Herzegovina","Manufacture of motor vehicles, trailers and semi-trailers","Value added at factor cost","44.8","p"
"2011","Bosnia and Herzegovina","Manufacture of other transport equipment","Value added at factor cost",":","cp"
"2011","Bosnia and Herzegovina","Manufacture of furniture","Value added at factor cost","45.6","p"
"2011","Bosnia and Herzegovina","Other manufacturing","Value added at factor cost","8.4","p"
"2011","Bosnia and Herzegovina","Repair and installation of machinery and equipment","Value added at factor cost","21.5","p"
